{"baseStations": [{"bsEui": 8121069193333309202, "eqSnr": 4.46999979019165, "mode": "", "profile": "", "rssi": -128.75318908691406, "rxTime": 1702406774125029863, "snr": 5.858800411224365, "subpackets": {"frequency": [14282.2265625, 52368.1640625, 33325.1953125, 4760.7421875, 42846.6796875, 23803.7109375, 16662.59765625, 54748.53515625, 35705.56640625, 0.0, 38085.9375, 19042.96875, 2380.37109375, 40466.30859375, 21423.33984375, 9521.484375, 47607.421875, 28564.453125, 11901.85546875, 49987.79296875, 30944.82421875, 7141.11328125, 45227.05078125, 26184.08203125, 54748.53515625, 57128.90625, 28564.453125, 14282.2265625, 28564.453125, 19042.96875], "rssi": [-158.7854461669922, -129.0182647705078, -130.04275512695312, null, -128.66375732421875, -129.64520263671875, -129.35986328125, -127.54329681396484, -127.77796936035156, null, -127.76622772216797, -131.17555236816406, -128.0129852294922, -127.4012451171875, -128.78204345703125, -128.53587341308594, -129.23867797851562, null, -127.8611831665039, -129.52096557617188, null, -127.48634338378906, -127.28470611572266, -129.62869262695312, -128.56332397460938, -129.09036254882812, -129.3594207763672, -128.94554138183594, -129.1388702392578, -127.34198760986328], "snr": [-18.614980697631836, 5.78978157043457, 3.75810170173645, null, 5.501808166503906, 4.096821308135986, 4.36653995513916, 6.386890888214111, 7.658416748046875, null, 6.3118133544921875, 4.560093402862549, 8.430100440979004, 8.023297309875488, 5.005064487457275, 5.6501007080078125, 4.886682033538818, null, 6.8096771240234375, 5.024710655212402, null, 7.063925266265869, 8.582345008850098, 5.266063213348389, 5.3412299156188965, 4.934694290161133, 3.8036818504333496, 6.165012836456299, 5.639199256896973, 7.658060073852539]}}, {"bsEui": 8121069193333309201, "eqSnr": -2.8380000591278076, "mode": "", "profile": "", "rssi": -141.59686279296875, "rxTime": 1702406774191995431, "snr": -1.9560705423355103, "subpackets": {"frequency": [14282.2265625, 52368.1640625, 33325.1953125, 4760.7421875, 42846.6796875, 23803.7109375, 16662.59765625, 54748.53515625, 35705.56640625, 0.0, 38085.9375, 19042.96875, 2380.37109375, 40466.30859375, 21423.33984375, 9521.484375, 47607.421875, 28564.453125, 11901.85546875, 49987.79296875, 30944.82421875, 7141.11328125, 45227.05078125, 26184.08203125, 54748.53515625, 57128.90625, 28564.453125, 14282.2265625, 28564.453125, 19042.96875], "rssi": [-169.67410278320312, -141.89303588867188, -141.8228302001953, -143.33531188964844, -143.486572265625, -141.6932830810547, -139.12969970703125, -141.72833251953125, -138.8134002685547, null, -141.33636474609375, -140.8753662109375, -139.37335205078125, -140.8880157470703, -138.61724853515625, -141.30780029296875, -143.3908233642578, -140.72927856445312, -141.36032104492188, -146.91494750976562, null, -140.81594848632812, -143.38815307617188, -141.8253936767578, -145.84063720703125, -149.62461853027344, -139.98597717285156, -142.68092346191406, -139.88299560546875, -142.8057403564453], "snr": [-25.110633850097656, -2.568045139312744, -3.63425874710083, -3.466042995452881, -3.7846031188964844, -1.8383805751800537, -0.8737686276435852, -1.9940871000289917, 0.5195638537406921, null, -1.7234735488891602, -1.2118066549301147, 0.19345000386238098, -1.0033199787139893, 1.6607798337936401, -1.5748060941696167, -2.3687984943389893, -1.384363055229187, -1.9247839450836182, -9.027002334594727, null, -2.3291571140289307, -3.104835033416748, -1.8764441013336182, -4.654565334320068, -8.51900863647461, -2.0971570014953613, -2.3979151248931885, -0.7894260287284851, -1.8265397548675537]}}], "cnt": 8119, "components": {"alarmstatus": {"label": "", "unit": "", "value": 1}, "battery": {"label": "", "unit": "V", "value": 5.957}, "co2": {"label": "", "unit": "ppm", "value": 1015}, "humidity": {"label": "", "unit": "%rel", "value": 37}, "internal_temp": {"label": "", "unit": "\u00b0C", "value": 21.700000000000003}, "pressure": {"label": "", "unit": "hPa", "value": 965}, "ul_counter": {"label": "", "unit": "", "value": 183}}, "data": [17, 35, 183, 23, 69, 4, 193, 37, 3, 197, 3, 247, 1, 0, 5, 106], "dlAck": false, "dlOpen": false, "format": 0, "meta": {"name": "Febris CO2", "vendor": "Sentinum"}, "responseExp": false, "typeEui": 18205882857505685507}