{"baseStations": [{"bsEui": 8121069193333309202, "eqSnr": 7.138000965118408, "mode": "", "profile": "", "rssi": -125.43125915527344, "rxTime": 1702568203501227454, "snr": 8.340227127075195, "subpackets": {"frequency": [14282.2265625, 52368.1640625, 33325.1953125, 4760.7421875, 42846.6796875, 23803.7109375, 16662.59765625, 54748.53515625, 35705.56640625, 0.0, 38085.9375, 19042.96875, 2380.37109375, 40466.30859375, 21423.33984375, 9521.484375, 47607.421875, 28564.453125, 11901.85546875, 49987.79296875, 30944.82421875, 7141.11328125, 45227.05078125, 26184.08203125, 21423.33984375, 40466.30859375, 40466.30859375, 49987.79296875, 2380.37109375, 0.0], "rssi": [-152.0218963623047, -124.82506561279297, -125.25524139404297, -124.40046691894531, -124.39917755126953, -125.47496032714844, -125.74263000488281, -124.5942611694336, -125.2543716430664, -124.70013427734375, -125.980224609375, -127.30843353271484, -124.90672302246094, -126.34266662597656, -126.66606140136719, -125.31529235839844, -125.83724212646484, -125.75672912597656, -124.74251556396484, null, -124.62525177001953, -125.27843475341797, -125.76615142822266, -126.34190368652344, -126.09661102294922, -125.33293914794922, -125.12467193603516, -124.82656860351562, -124.3912353515625, -124.28346252441406], "snr": [-12.29127311706543, 8.15591812133789, 9.092558860778809, 7.480287551879883, 8.303424835205078, 8.101222038269043, 8.618719100952148, 8.58990478515625, 10.267553329467773, 9.645206451416016, 7.9620208740234375, 7.640442848205566, 8.287274360656738, 6.423752784729004, 6.4193243980407715, 9.330094337463379, 8.273565292358398, 7.502020835876465, 7.585165500640869, null, 9.919973373413086, 7.836735725402832, 10.105494499206543, 6.659281253814697, 9.746070861816406, 7.965889930725098, 10.034236907958984, 8.62622356414795, 7.751045227050781, 10.072629928588867]}}, {"bsEui": 8121069193333309201, "eqSnr": -1.6780002117156982, "mode": "", "profile": "", "rssi": -140.48300170898438, "rxTime": 1702568203541745786, "snr": -0.9771195650100708, "subpackets": {"frequency": [14282.2265625, 52368.1640625, 33325.1953125, 4760.7421875, 42846.6796875, 23803.7109375, 16662.59765625, 54748.53515625, 35705.56640625, 0.0, 38085.9375, 19042.96875, 2380.37109375, 40466.30859375, 21423.33984375, 9521.484375, 47607.421875, 28564.453125, 11901.85546875, 49987.79296875, 30944.82421875, 7141.11328125, 45227.05078125, 26184.08203125, 21423.33984375, 40466.30859375, 40466.30859375, 49987.79296875, 2380.37109375, 0.0], "rssi": [-160.7177734375, -144.75985717773438, -140.36480712890625, -139.92503356933594, -142.36819458007812, -138.04710388183594, -138.18978881835938, -145.89627075195312, -140.64016723632812, -139.65493774414062, null, -139.75955200195312, -140.4171905517578, -138.65476989746094, -138.08778381347656, -139.32553100585938, -144.8012237548828, -138.46353149414062, -138.70848083496094, -144.05848693847656, -141.8517303466797, -143.79962158203125, -143.27879333496094, -139.39447021484375, -140.0268096923828, -144.78424072265625, -139.28323364257812, null, -139.24705505371094, -140.09963989257812], "snr": [-18.90407371520996, -6.402209281921387, -2.396763324737549, 0.4529010057449341, -1.8162299394607544, 1.3077878952026367, 1.6390507221221924, -3.760957717895508, -1.4210034608840942, 0.27476733922958374, null, -0.9418903589248657, 1.1141313314437866, -0.8286947011947632, 1.4828970432281494, 2.070782423019409, -6.402050018310547, -0.6617720127105713, 3.0326545238494873, -5.52672004699707, -2.919473171234131, -3.5872511863708496, -3.9495816230773926, 0.9858287572860718, -0.2759612500667572, -3.6549606323242188, -0.29908865690231323, null, -0.8908544778823853, -1.2317988872528076]}}], "cnt": 8209, "components": {"alarmstatus": {"label": "", "unit": "", "value": 0}, "battery": {"label": "", "unit": "V", "value": 5.946}, "co2": {"label": "", "unit": "ppm", "value": 939}, "humidity": {"label": "", "unit": "%rel", "value": 38}, "internal_temp": {"label": "", "unit": "\u00b0C", "value": 21.599999999999994}, "pressure": {"label": "", "unit": "hPa", "value": 979}, "ul_counter": {"label": "", "unit": "", "value": 17}}, "data": [17, 35, 17, 23, 58, 4, 192, 38, 3, 211, 3, 171, 0, 0, 5, 107], "dlAck": false, "dlOpen": false, "format": 0, "meta": {"name": "Febris CO2", "vendor": "Sentinum"}, "responseExp": false, "typeEui": 18205882857505685507}